{
  "usingComponents": {
    "sc-cell": "/weatherui/components/scCell/sc-cell",
    "sc-cell-group": "/weatherui/components/scCellGroup/sc-cell-group",
    "canvasdrawer": "/weatherui/components/canvasdrawer/canvasdrawer",
    "sc-radio": "/weatherui/components/scRadio/sc-radio",
    "sc-radio-group": "/weatherui/components/scRadioGroup/sc-radio-group",
    "sc-date-picker":"/weatherui/components/scDatePicker/sc-date-picker",
    "sc-time-picker":"/weatherui/components/scTimePicker/sc-time-picker",
    "sc-star":"/weatherui/components/scStar/sc-star",
    "radar":"/weatherui/components/radar/radar",
    "planetPosition":"/weatherui/components/planetPosition/planetPosition",
    "headImage":"/weatherui/components/headImage/headImage",
    "sc-crop":"/weatherui/components/sc-crop/sc-crop",
    "drawermodal": "/weatherui/components/drawermodal/drawermodal",
    "f2": "@antv/wx-f2",
    "startScreen": "/weatherui/components/startScreen/startScreen"
    },
  "onReachBottomDistance": 100,
  "enablePullDownRefresh": true
}